barcode	Position	count	ratio
GTT	1	92426	32.186125553261064
ACA	1	45797	15.94819630799447
GTT	2	20190	7.030899042697303
ACA	2	27428	9.551436302283388
GTT	3	2214	0.7709960614428839
ACA	3	6656	2.3178634981769806
GTT	4	334	0.11631105895299153
ACA	4	1374	0.4784772305431448
GTT	5	75	0.026117752758905283
ACA	5	78	0.027162462869261494
GTT+GTT	1to2	17303	6.025539679831175
GTT+GTT	2to3	1622	0.5648399329992583
GTT+GTT	3to4	96	0.03343072353139876
GTT+GTT	4to5	28	0.009750627696657972
GTT+ACA	1to2	20952	7.296255410727779
GTT+ACA	2to3	3413	1.1885318688819164
GTT+ACA	3to4	364	0.12675816005655363
GTT+ACA	4to5	39	0.013581231434630747
ACA+GTT	1to2	2616	0.9109872162306163
ACA+GTT	2to3	409	0.1424288117118968
ACA+GTT	3to4	45	0.01567065165534317
ACA+GTT	4to5	4	0.0013929468138082818
ACA+ACA	1to2	6218	2.165335822064974
ACA+ACA	2to3	2516	0.8761635458854092
ACA+ACA	3to4	679	0.23645272164395584
ACA+ACA	4to5	18	0.006268260662137267
GTT+ACA	1to3	5109	1.7791413179366278
ACA+GTT	1to3	282	0.09820275037348387
