barcode	Position	count	ratio
GTT	1	9437	31.664597523739218
ACA	1	4611	15.471596819112172
GTT	2	1997	6.700667718014965
ACA	2	2514	8.435392410160052
GTT	3	212	0.7113377847867665
ACA	3	652	2.1876992249102436
GTT	4	28	0.09395027346240312
ACA	4	111	0.3724457269402409
GTT	5	3	0.010066100728114619
ACA	5	5	0.0167768345468577
GTT+GTT	1to2	1687	5.660503976109787
GTT+GTT	2to3	155	0.5200818709525886
GTT+GTT	3to4	9	0.03019830218434386
GTT+GTT	4to5	2	0.006710733818743079
GTT+ACA	1to2	1937	6.499345703452672
GTT+ACA	2to3	338	1.1341140153675804
GTT+ACA	3to4	26	0.08723953964366003
GTT+ACA	4to5	2	0.006710733818743079
ACA+GTT	1to2	275	0.9227259000771735
ACA+GTT	2to3	41	0.13757004328423314
ACA+GTT	3to4	3	0.010066100728114619
ACA+GTT	4to5	0	0.0
ACA+ACA	1to2	556	1.8655840016105762
ACA+ACA	2to3	222	0.7448914538804818
ACA+ACA	3to4	48	0.1610576116498339
ACA+ACA	4to5	1	0.0033553669093715397
GTT+ACA	1to3	494	1.6575512532295407
ACA+GTT	1to3	29	0.09730564037177465
