barcode	Position	count	ratio
GTT	1	5820	14.538006144930431
ACA	1	10216	25.518946868833215
GTT	2	2272	5.675317862763221
ACA	2	2002	5.0008742787200555
GTT	3	524	1.308920140883771
ACA	3	220	0.549546624035171
GTT	4	97	0.24230010241550723
ACA	4	25	0.0624484800039967
GTT	5	5	0.01248969600079934
ACA	5	3	0.007493817600479604
GTT+GTT	1to2	545	1.3613768640871282
GTT+GTT	2to3	219	0.5470486848350111
GTT+GTT	3to4	33	0.08243199360527564
GTT+GTT	4to5	1	0.002497939200159868
GTT+ACA	1to2	232	0.5795218944370895
GTT+ACA	2to3	41	0.1024155072065546
GTT+ACA	3to4	5	0.01248969600079934
GTT+ACA	4to5	0	0.0
ACA+GTT	1to2	1680	4.196537856268579
ACA+GTT	2to3	277	0.6919291584442835
ACA+GTT	3to4	38	0.09492168960607499
ACA+GTT	4to5	1	0.002497939200159868
ACA+ACA	1to2	1744	4.35640596507881
ACA+ACA	2to3	167	0.41715584642669795
ACA+ACA	3to4	6	0.014987635200959208
ACA+ACA	4to5	3	0.007493817600479604
GTT+ACA	1to3	29	0.07244023680463618
ACA+GTT	1to3	421	1.0516324032673046
