barcode	Position	count	ratio
GTT	1	26595	18.83071825082134
ACA	1	32389	22.933187946074543
GTT	2	8596	6.086439333862014
ACA	2	8584	6.07794267588082
GTT	3	1272	0.9006457460065707
ACA	3	1379	0.9764076130055511
GTT	4	186	0.131698198708508
ACA	4	243	0.1720573241191798
GTT	5	25	0.0177013707941543
ACA	5	14	0.009912767644726407
GTT+GTT	1to2	3244	2.296929874249462
GTT+GTT	2to3	662	0.46873229862920585
GTT+GTT	3to4	65	0.046023564064801174
GTT+GTT	4to5	17	0.012036932140024924
GTT+ACA	1to2	3545	2.5100543786110796
GTT+ACA	2to3	705	0.4991786563951512
GTT+ACA	3to4	103	0.07292964767191572
GTT+ACA	4to5	3	0.0021241644952985157
ACA+GTT	1to2	5254	3.7201200860994676
ACA+GTT	2to3	552	0.39084626713492693
ACA+GTT	3to4	47	0.03327857709301008
ACA+GTT	4to5	2	0.001416109663532344
ACA+ACA	1to2	4957	3.5098278010649144
ACA+ACA	2to3	540	0.38234960915373284
ACA+ACA	3to4	80	0.056644386541293765
ACA+ACA	4to5	2	0.001416109663532344
GTT+ACA	1to3	473	0.3349099354253993
ACA+GTT	1to3	819	0.5798969072164949
