barcode	Position	count	ratio
GTT	1	57545	15.27697396715497
ACA	1	87407	23.20470003557415
GTT	2	20084	5.331874970133642
ACA	2	15969	4.239429964054179
GTT	3	4231	1.1232405396651781
ACA	3	1580	0.4194564057364646
GTT	4	898	0.2383999065514843
ACA	4	266	0.07061734425689846
GTT	5	56	0.014866809317241783
ACA	5	30	0.00796436213423667
GTT+GTT	1to2	5137	1.3637642761191255
GTT+GTT	2to3	1671	0.44361497087698243
GTT+GTT	3to4	332	0.08813894095221914
GTT+GTT	4to5	17	0.004513138542734113
GTT+ACA	1to2	2127	0.5646732753173799
GTT+ACA	2to3	253	0.0671661206653959
GTT+ACA	3to4	48	0.012742979414778671
GTT+ACA	4to5	1	0.000265478737807889
ACA+GTT	1to2	14642	3.8871396789831105
ACA+GTT	2to3	2340	0.6212202464704603
ACA+GTT	3to4	237	0.06291846086046969
ACA+GTT	4to5	12	0.003185744853694668
ACA+ACA	1to2	13658	3.6259086009801473
ACA+ACA	2to3	1174	0.31167203818646166
ACA+ACA	3to4	56	0.014866809317241783
ACA+ACA	4to5	2	0.000530957475615778
GTT+ACA	1to3	232	0.06159106717143024
ACA+GTT	1to3	3451	0.9161671241750248
