barcode	Position	count	ratio
GTT	1	4482	22.052745522534934
ACA	1	3948	19.425309978350718
GTT	2	1316	6.475103326116906
ACA	2	1020	5.018697106868727
GTT	3	179	0.880732139342649
ACA	3	155	0.7626451485927966
GTT	4	27	0.13284786459358394
ACA	4	30	0.14760873843731548
GTT	5	1	0.00492029128124385
ACA	5	8	0.0393623302499508
GTT+GTT	1to2	573	2.819326904152726
GTT+GTT	2to3	105	0.5166305845306042
GTT+GTT	3to4	14	0.0688840779374139
GTT+GTT	4to5	1	0.00492029128124385
GTT+ACA	1to2	493	2.425703601653218
GTT+ACA	2to3	85	0.4182247589057272
GTT+ACA	3to4	7	0.03444203896870695
GTT+ACA	4to5	0	0.0
ACA+GTT	1to2	712	3.503247392245621
ACA+GTT	2to3	67	0.3296595158433379
ACA+GTT	3to4	6	0.0295217476874631
ACA+GTT	4to5	0	0.0
ACA+ACA	1to2	517	2.54379059240307
ACA+ACA	2to3	61	0.30013776815587484
ACA+ACA	3to4	7	0.03444203896870695
ACA+ACA	4to5	6	0.0295217476874631
GTT+ACA	1to3	74	0.36410155481204487
ACA+GTT	1to3	97	0.47726825428065345
