barcode	Position	count	ratio
GTT	1	48192	34.13006990035481
ACA	1	20876	14.78459784279148
GTT	2	10978	7.7747324735660515
ACA	2	12336	8.736482036246203
GTT	3	1247	0.8831382214006983
ACA	3	3086	2.1855369296251443
GTT	4	219	0.1550980517135148
ACA	4	610	0.43200827189609137
GTT	5	19	0.013455995354140552
ACA	5	35	0.024787359862890487
GTT+GTT	1to2	9431	6.679131167626291
GTT+GTT	2to3	955	0.676340819116012
GTT+GTT	3to4	56	0.03965977578062478
GTT+GTT	4to5	3	0.0021246308453906136
GTT+ACA	1to2	9612	6.807317228631525
GTT+ACA	2to3	1669	1.182002960318978
GTT+ACA	3to4	177	0.12535321987804618
GTT+ACA	4to5	20	0.014164205635937423
ACA+GTT	1to2	1365	0.9667070346527291
ACA+GTT	2to3	214	0.15155700030453043
ACA+GTT	3to4	19	0.013455995354140552
ACA+GTT	4to5	1	0.0007082102817968711
ACA+ACA	1to2	2603	1.8434713635172555
ACA+ACA	2to3	1039	0.7358304827869491
ACA+ACA	3to4	243	0.17209509847663967
ACA+ACA	4to5	2	0.0014164205635937423
GTT+ACA	1to3	2380	1.6855404706765533
ACA+GTT	1to3	175	0.12393679931445244
