barcode	Position	count	ratio
GTT	1	68120	21.140376194421943
ACA	1	62478	19.38943663938776
GTT	2	19198	5.95791165855127
ACA	2	14506	4.501795318207351
GTT	3	2781	0.8630561684775018
ACA	3	2093	0.6495420929965521
GTT	4	436	0.13530833853153212
ACA	4	383	0.11886030655407524
GTT	5	47	0.01458599062151837
ACA	5	33	0.010241227457661834
GTT+GTT	1to2	8278	2.5689963907431714
GTT+GTT	2to3	1528	0.4741998653123419
GTT+GTT	3to4	196	0.060826684293991504
GTT+GTT	4to5	7	0.002172381581928268
GTT+ACA	1to2	6620	2.054452296052162
GTT+ACA	2to3	1050	0.32585723728924015
GTT+ACA	3to4	156	0.0484130752544014
GTT+ACA	4to5	5	0.0015517011299487629
ACA+GTT	1to2	10654	3.3063647676948236
ACA+GTT	2to3	1068	0.33144336135705577
ACA+GTT	3to4	73	0.02265483649725194
ACA+GTT	4to5	1	0.00031034022598975256
ACA+ACA	1to2	7736	2.4007919882567257
ACA+ACA	2to3	808	0.2507549025997201
ACA+ACA	3to4	88	0.027309939887098227
ACA+ACA	4to5	9	0.002793062033907773
GTT+ACA	1to3	746	0.2315138085883554
ACA+GTT	1to3	1643	0.5098889913011635
