barcode	Position	count	ratio
GTT	1	16338	16.28377502915292
ACA	1	23286	23.20871497911953
GTT	2	5850	5.830584154764633
ACA	2	4423	4.408320293422902
GTT	3	1311	1.306648859298536
ACA	3	493	0.49136375868358373
GTT	4	257	0.25614703038880526
ACA	4	78	0.07774112206352846
GTT	5	19	0.018936939989833854
ACA	5	7	0.006976767364675629
GTT+GTT	1to2	1566	1.5608025275831483
GTT+GTT	2to3	506	0.5043206123608384
GTT+GTT	3to4	110	0.10963491573061704
GTT+GTT	4to5	7	0.006976767364675629
GTT+ACA	1to2	627	0.6249190196645171
GTT+ACA	2to3	104	0.10365482941803793
GTT+ACA	3to4	16	0.015946896833544298
GTT+ACA	4to5	1	0.0009966810520965186
ACA+GTT	1to2	4207	4.193037186170054
ACA+GTT	2to3	749	0.7465141080202924
ACA+GTT	3to4	78	0.07774112206352846
ACA+GTT	4to5	2	0.0019933621041930373
ACA+ACA	1to2	3741	3.7285838158930757
ACA+ACA	2to3	349	0.347841687181685
ACA+ACA	3to4	29	0.02890375051079904
ACA+ACA	4to5	2	0.0019933621041930373
GTT+ACA	1to3	55	0.05481745786530852
ACA+GTT	1to3	1085	1.0813989415247227
