barcode	Position	count	ratio
GTT	1	55742	53.361030805460366
ACA	1	17930	17.164136240929718
GTT	2	34933	33.44086844977121
ACA	2	5524	5.288047328215044
GTT	3	12491	11.957458214470334
ACA	3	1710	1.6369588941433248
GTT	4	4393	4.205356971913232
ACA	4	661	0.6327659818881507
GTT	5	135	0.12923359690605196
ACA	5	15	0.014359288545116885
GTT+GTT	1to2	25066	23.99532844479332
GTT+GTT	2to3	10388	9.944285960444947
GTT+GTT	3to4	3669	3.5122819781355905
GTT+GTT	4to5	64	0.06126629779249871
GTT+ACA	1to2	3647	3.4912216882694183
GTT+ACA	2to3	1294	1.2387279584920834
GTT+ACA	3to4	498	0.47672837969788057
GTT+ACA	4to5	12	0.011487430836093509
ACA+GTT	1to2	9564	9.155482376366525
ACA+GTT	2to3	1857	1.7776799218854704
ACA+GTT	3to4	466	0.4460952308016312
ACA+GTT	4to5	11	0.010530144933085715
ACA+ACA	1to2	1827	1.7489613447952364
ACA+ACA	2to3	295	0.2823993413872987
ACA+ACA	3to4	65	0.0622235836955065
ACA+ACA	4to5	1	0.0009572859030077923
GTT+ACA	1to3	1103	1.0558863510175949
ACA+GTT	1to3	3910	3.7429878807604675
