barcode	Position	count	ratio
GTT	1	93848	64.87712142684317
ACA	1	5718	3.9528533407072
GTT	2	51792	35.80380906294287
ACA	2	3767	2.6041270609380938
GTT	3	17863	12.348691714769625
ACA	3	1811	1.251944281220836
GTT	4	6243	4.315785835263212
ACA	4	765	0.5288444920673326
GTT	5	124	0.08572119871418202
ACA	5	8	0.005530399917044002
GTT+GTT	1to2	48879	33.790052193149215
GTT+GTT	2to3	16745	11.575818326362725
GTT+GTT	3to4	5521	3.8166672427499915
GTT+GTT	4to5	67	0.04631709930524351
GTT+ACA	1to2	3493	2.414710863779337
GTT+ACA	2to3	1565	1.0818844837717327
GTT+ACA	3to4	619	0.42791469358127965
GTT+ACA	4to5	3	0.0020738999688915006
ACA+GTT	1to2	2462	1.7019805744702914
ACA+GTT	2to3	786	0.5433617918495731
ACA+GTT	3to4	412	0.28481559572776605
ACA+GTT	4to5	9	0.006221699906674501
ACA+ACA	1to2	241	0.16660329750095054
ACA+ACA	2to3	115	0.07949949880750751
ACA+ACA	3to4	52	0.03594759946078601
ACA+ACA	4to5	0	0.0
GTT+ACA	1to3	1597	1.1040060834399088
ACA+GTT	1to3	819	0.5661746915073795
