barcode	Position	count	ratio
GTT	1	14692	37.515001404386794
ACA	1	3466	8.850190230574777
GTT	2	4531	11.569593749202053
ACA	2	2432	6.209943058499094
GTT	3	762	1.9457140668488113
ACA	3	739	1.886985164568598
GTT	4	169	0.43152976023287287
ACA	4	212	0.5413272731915328
GTT	5	7	0.01787401373745627
ACA	5	5	0.012767152669611623
GTT+GTT	1to2	4128	10.540561244031355
GTT+GTT	2to3	693	1.7695273600081711
GTT+GTT	3to4	124	0.31662538620636826
GTT+GTT	4to5	2	0.005106861067844649
GTT+ACA	1to2	2064	5.270280622015678
GTT+ACA	2to3	483	1.233306947884483
GTT+ACA	3to4	98	0.2502361923243878
GTT+ACA	4to5	5	0.012767152669611623
ACA+GTT	1to2	353	0.9013609784745805
ACA+GTT	2to3	48	0.12256466562827158
ACA+GTT	3to4	14	0.03574802747491254
ACA+GTT	4to5	0	0.0
ACA+ACA	1to2	353	0.9013609784745805
ACA+ACA	2to3	203	0.5183463983862319
ACA+ACA	3to4	93	0.23746903965477623
ACA+ACA	4to5	0	0.0
GTT+ACA	1to3	652	1.6648367081173558
ACA+GTT	1to3	92	0.23491560912085388
