barcode	Position	count	ratio
GTT	1	60322	45.8220655707818
ACA	1	27952	21.23302239372854
GTT	2	38209	29.024490291999633
ACA	2	7759	5.893926042964359
GTT	3	12985	9.86372337516332
ACA	3	2017	1.5321624988605633
GTT	4	4382	3.3286743034243873
ACA	4	626	0.47552490048919815
GTT	5	141	0.10710704627632098
ACA	5	20	0.015192488833520708
GTT+GTT	1to2	24217	18.395825104068546
GTT+GTT	2to3	10127	7.69271672085321
GTT+GTT	3to4	3524	2.6769165324663486
GTT+GTT	4to5	73	0.055452584242350576
GTT+ACA	1to2	3660	2.7802254565342897
GTT+ACA	2to3	1377	1.0460028561879007
GTT+ACA	3to4	414	0.3144845188538786
GTT+ACA	4to5	8	0.006076995533408283
ACA+GTT	1to2	13612	10.340007900094193
ACA+GTT	2to3	2601	1.975783172799368
ACA+GTT	3to4	529	0.40184132964662267
ACA+GTT	4to5	20	0.015192488833520708
ACA+ACA	1to2	4039	3.068123119929507
ACA+ACA	2to3	499	0.37905259639634165
ACA+ACA	3to4	90	0.06836619975084318
ACA+ACA	4to5	2	0.0015192488833520707
GTT+ACA	1to3	961	0.72999908845067
ACA+GTT	1to3	5584	4.241742882318982
