barcode	Position	count	ratio
GTT	1	26512	29.533580634740275
ACA	1	14349	15.984359856966213
GTT	2	11538	12.852989339304214
ACA	2	2357	2.6256280007575
GTT	3	2417	2.692466218850605
ACA	3	174	0.19383083247000635
GTT	4	523	0.5826064677115708
ACA	4	38	0.042330871458966905
GTT	5	36	0.04010293085586338
ACA	5	1	0.0011139703015517605
GTT+GTT	1to2	6266	6.980137909523332
GTT+GTT	2to3	1632	1.8179995321324736
GTT+GTT	3to4	417	0.4645256157470841
GTT+GTT	4to5	20	0.022279406031035214
GTT+ACA	1to2	615	0.6850917354543328
GTT+ACA	2to3	41	0.04567278236362219
GTT+ACA	3to4	20	0.022279406031035214
GTT+ACA	4to5	0	0.0
ACA+GTT	1to2	5153	5.740288963896222
ACA+GTT	2to3	706	0.786463032895543
ACA+GTT	3to4	36	0.04010293085586338
ACA+GTT	4to5	1	0.0011139703015517605
ACA+ACA	1to2	1717	1.912687007764373
ACA+ACA	2to3	121	0.13479040648776305
ACA+ACA	3to4	10	0.011139703015517607
ACA+ACA	4to5	1	0.0011139703015517605
GTT+ACA	1to3	51	0.0568124853791398
ACA+GTT	1to3	1377	1.5339371052367743
