barcode	Position	count	ratio
GTT	1	39083	32.723238581655295
ACA	1	35856	30.02135052539038
GTT	2	26616	22.284924854523382
ACA	2	10355	8.66998785950517
GTT	3	9326	7.808431364340436
ACA	3	1814	1.5188177669862268
GTT	4	3007	2.5176874450537947
ACA	4	554	0.4638506300498179
GTT	5	87	0.07284296897894252
ACA	5	25	0.02093188763762716
GTT+GTT	1to2	12360	10.348725248042868
GTT+GTT	2to3	5869	4.913969941809353
GTT+GTT	3to4	2257	1.8897308159249802
GTT+GTT	4to5	44	0.036840122242223806
GTT+ACA	1to2	2450	2.051324988487462
GTT+ACA	2to3	767	0.6421903127224013
GTT+ACA	3to4	329	0.27546364131117346
GTT+ACA	4to5	5	0.004186377527525432
ACA+GTT	1to2	13977	11.702599740444592
ACA+GTT	2to3	3282	2.747938209067694
ACA+GTT	3to4	528	0.4420814669066856
ACA+GTT	4to5	10	0.008372755055050864
ACA+ACA	1to2	7785	6.518189810357097
ACA+ACA	2to3	968	0.8104826893289236
ACA+ACA	3to4	124	0.10382216268263073
ACA+ACA	4to5	1	0.0008372755055050864
GTT+ACA	1to3	486	0.40691589567547204
ACA+GTT	1to3	6026	5.045422196173651
