barcode	Position	count	ratio
GTT	1	24130	27.88950531668978
ACA	1	3904	4.512251502542765
GTT	2	5197	6.00670365233472
ACA	2	1868	2.1590383726306053
GTT	3	609	0.703883495145631
ACA	3	294	0.33980582524271846
GTT	4	135	0.15603328710124825
ACA	4	56	0.06472491909385113
GTT	5	10	0.01155802126675913
ACA	5	8	0.009246417013407305
GTT+GTT	1to2	4596	5.312066574202497
GTT+GTT	2to3	522	0.6033287101248266
GTT+GTT	3to4	62	0.07165973185390662
GTT+GTT	4to5	6	0.006934812760055478
GTT+ACA	1to2	1694	1.9579288025889967
GTT+ACA	2to3	217	0.25080906148867316
GTT+ACA	3to4	29	0.03351826167360148
GTT+ACA	4to5	5	0.005779010633379565
ACA+GTT	1to2	533	0.6160425335182617
ACA+GTT	2to3	56	0.06472491909385113
ACA+GTT	3to4	6	0.006934812760055478
ACA+GTT	4to5	0	0.0
ACA+ACA	1to2	162	0.18723994452149792
ACA+ACA	2to3	45	0.052011095700416086
ACA+ACA	3to4	14	0.016181229773462782
ACA+ACA	4to5	0	0.0
GTT+ACA	1to3	248	0.28663892741562647
ACA+GTT	1to3	88	0.10171058714748035
