barcode	Position	count	ratio
GTT	1	37875	30.00522863390056
ACA	1	29829	23.63104857876224
GTT	2	23144	18.335076211300187
ACA	2	6511	5.158126564629084
GTT	3	6714	5.318946667934214
ACA	3	653	0.5173178692524638
GTT	4	1954	1.5479925214690877
ACA	4	104	0.08239059479671705
GTT	5	64	0.05070190449028742
ACA	5	17	0.013467693380232596
GTT+GTT	1to2	11128	8.815793643248725
GTT+GTT	2to3	4453	3.527743448363279
GTT+GTT	3to4	1570	1.2437810945273633
GTT+GTT	4to5	30	0.023766517729822228
GTT+ACA	1to2	1053	0.8342047723167603
GTT+ACA	2to3	134	0.10615711252653928
GTT+ACA	3to4	39	0.030896473048768896
GTT+ACA	4to5	0	0.0
ACA+GTT	1to2	11768	9.322812688151599
ACA+GTT	2to3	2085	1.6517729822226448
ACA+GTT	3to4	233	0.18458662103495263
ACA+GTT	4to5	5	0.003961086288303705
ACA+ACA	1to2	5395	4.274012105079697
ACA+ACA	2to3	498	0.3945241943150489
ACA+ACA	3to4	47	0.03723421111005482
ACA+ACA	4to5	5	0.003961086288303705
GTT+ACA	1to3	167	0.13230028202934374
ACA+GTT	1to3	4411	3.494470323541528
