barcode	Position	count	ratio
GTT	1	104356	65.36425873613399
ACA	1	6569	4.114548426900841
GTT	2	58434	36.60062761113164
ACA	2	4259	2.667660488684835
GTT	3	20232	12.67248344847889
ACA	3	2150	1.3466705918460662
GTT	4	7066	4.425848559062467
ACA	4	964	0.6038095118788873
GTT	5	163	0.10209642161437618
ACA	5	12	0.007516300977745486
GTT+GTT	1to2	55120	34.524875824444266
GTT+GTT	2to3	18935	11.860096584467565
GTT+GTT	3to4	6217	3.894070264886974
GTT+GTT	4to5	90	0.05637225733309114
GTT+ACA	1to2	3891	2.4371605920339734
GTT+ACA	2to3	1878	1.1763011030171684
GTT+ACA	3to4	776	0.48605412989420804
GTT+ACA	4to5	5	0.0031317920740606187
ACA+GTT	1to2	2824	1.7688361634294376
ACA+GTT	2to3	924	0.5787551752864024
ACA+GTT	3to4	450	0.2818612866654557
ACA+GTT	4to5	2	0.0012527168296242476
ACA+ACA	1to2	332	0.2079509937176251
ACA+ACA	2to3	131	0.08205295234038822
ACA+ACA	3to4	75	0.04697688111090928
ACA+ACA	4to5	1	0.0006263584148121238
GTT+ACA	1to3	1887	1.1819383287504777
ACA+GTT	1to3	976	0.6113258128566329
