barcode	Position	count	ratio
GTT	1	31297	36.086801111533894
ACA	1	7857	9.059462451139783
GTT	2	8794	10.139864171480623
ACA	2	5426	6.256413804236281
GTT	3	1214	1.399794758264439
ACA	3	1495	1.72379997002087
GTT	4	229	0.26404695192961825
ACA	4	410	0.4727478178652553
GTT	5	22	0.02536695608057468
ACA	5	6	0.0069182607492476395
GTT+GTT	1to2	8001	9.225500709121727
GTT+GTT	2to3	1078	1.2429808479481592
GTT+GTT	3to4	164	0.18909912714610214
GTT+GTT	4to5	8	0.009224347665663518
GTT+ACA	1to2	4630	5.338591211502761
GTT+ACA	2to3	1018	1.1737982404556828
GTT+ACA	3to4	169	0.19486434443714182
GTT+ACA	4to5	5	0.0057652172910397
ACA+GTT	1to2	710	0.8186608553276372
ACA+GTT	2to3	89	0.10262086778050665
ACA+GTT	3to4	14	0.016142608414911157
ACA+GTT	4to5	0	0.0
ACA+ACA	1to2	754	0.8693947674887866
ACA+ACA	2to3	353	0.4070243407474028
ACA+ACA	3to4	186	0.21446608322667682
ACA+ACA	4to5	1	0.0011530434582079398
GTT+ACA	1to3	1269	1.4632121484658758
ACA+GTT	1to3	127	0.14643651919240835
