barcode	Position	count	ratio
GTT	1	31589	29.595450457202816
ACA	1	17165	16.08173437265777
GTT	2	14096	13.206415829710688
ACA	2	2665	2.496814570529156
GTT	3	2901	2.71792085144656
ACA	3	217	0.20330535152151102
GTT	4	754	0.7064158297106881
ACA	4	48	0.0449707690001499
GTT	5	34	0.031854294708439514
ACA	5	15	0.014053365312546846
GTT+GTT	1to2	7764	7.274021885774247
GTT+GTT	2to3	2084	1.9524808874231752
GTT+GTT	3to4	581	0.5443336831059811
GTT+GTT	4to5	20	0.018737820416729126
GTT+ACA	1to2	559	0.5237220806475791
GTT+ACA	2to3	50	0.046844551041822814
GTT+ACA	3to4	26	0.024359166541747863
GTT+ACA	4to5	1	0.0009368910208364564
ACA+GTT	1to2	6180	5.7899865087693
ACA+GTT	2to3	727	0.6811197721481037
ACA+GTT	3to4	66	0.06183480737520611
ACA+GTT	4to5	0	0.0
ACA+ACA	1to2	2075	1.944048868235647
ACA+ACA	2to3	147	0.13772298006295908
ACA+ACA	3to4	7	0.006558237145855194
ACA+ACA	4to5	2	0.0018737820416729128
GTT+ACA	1to3	67	0.06277169839604257
ACA+GTT	1to3	1700	1.5927147354219757
