barcode	Position	count	ratio
GTT	1	18466	18.304372391780575
ACA	1	11245	11.146575736248922
GTT	2	5242	5.196118275626221
ACA	2	1249	1.238067860789231
GTT	3	692	0.6859431222307029
ACA	3	110	0.10903720151066087
GTT	4	128	0.12687965266695084
ACA	4	15	0.0148687092969083
GTT	5	9	0.00892122557814498
ACA	5	3	0.00297374185938166
GTT+GTT	1to2	2460	2.4384683246929613
GTT+GTT	2to3	469	0.4648949773499995
GTT+GTT	3to4	83	0.08227352477622593
GTT+GTT	4to5	5	0.004956236432302767
GTT+ACA	1to2	457	0.45300000991247286
GTT+ACA	2to3	39	0.03865864417196158
GTT+ACA	3to4	4	0.003964989145842214
GTT+ACA	4to5	0	0.0
ACA+GTT	1to2	2718	2.694210124599784
ACA+GTT	2to3	196	0.19428446814626846
ACA+GTT	3to4	28	0.027754924020895494
ACA+GTT	4to5	1	0.0009912472864605534
ACA+ACA	1to2	769	0.7622691632881655
ACA+ACA	2to3	58	0.057492342614712096
ACA+ACA	3to4	2	0.001982494572921107
ACA+ACA	4to5	1	0.0009912472864605534
GTT+ACA	1to3	42	0.04163238603134324
ACA+GTT	1to3	417	0.41335011845405073
