barcode	Position	count	ratio
GTT	1	48583	33.771731650180385
ACA	1	43709	30.383644869557962
GTT	2	33462	23.260599067129164
ACA	2	12936	8.992263150211668
GTT	3	12211	8.488290455104721
ACA	3	2542	1.767032539257735
GTT	4	3919	2.7242330925849974
ACA	4	766	0.5324732199336841
GTT	5	122	0.08480643972834133
ACA	5	31	0.02154917730802116
GTT+GTT	1to2	15923	11.068630654052287
GTT+GTT	2to3	7862	5.465149419214915
GTT+GTT	3to4	2910	2.0228421279465025
GTT+GTT	4to5	50	0.03475673759358252
GTT+ACA	1to2	3119	2.1681252910876774
GTT+ACA	2to3	1086	0.7549163405326123
GTT+ACA	3to4	448	0.31142036883849933
GTT+ACA	4to5	13	0.009036751774331454
ACA+GTT	1to2	17160	11.92851234211752
ACA+GTT	2to3	4084	2.83893032664382
ACA+GTT	3to4	714	0.4963262128363583
ACA+GTT	4to5	29	0.02015890780427786
ACA+ACA	1to2	9695	6.73933141939565
ACA+ACA	2to3	1338	0.930090298004268
ACA+ACA	3to4	175	0.1216485815775388
ACA+ACA	4to5	6	0.004170808511229902
GTT+ACA	1to3	694	0.48242351779892534
ACA+GTT	1to3	7831	5.443600241906894
