barcode	Position	count	ratio
GTT	1	6499	28.470670696981642
ACA	1	1130	4.9502781793490165
GTT	2	1537	6.733254479344636
ACA	2	462	2.02391904323827
GTT	3	209	0.9155824243220747
ACA	3	87	0.3811276120383756
GTT	4	50	0.21903885749331933
ACA	4	24	0.10513865159679327
GTT	5	5	0.02190388574933193
ACA	5	1	0.004380777149866386
GTT+GTT	1to2	1335	5.848337495071626
GTT+GTT	2to3	186	0.8148245498751477
GTT+GTT	3to4	42	0.18399264029438822
GTT+GTT	4to5	2	0.008761554299732773
GTT+ACA	1to2	409	1.791737854295352
GTT+ACA	2to3	56	0.24532352039251765
GTT+ACA	3to4	10	0.04380777149866386
GTT+ACA	4to5	1	0.004380777149866386
ACA+GTT	1to2	186	0.8148245498751477
ACA+GTT	2to3	16	0.07009243439786218
ACA+GTT	3to4	2	0.008761554299732773
ACA+GTT	4to5	0	0.0
ACA+ACA	1to2	48	0.21027730319358653
ACA+ACA	2to3	19	0.08323476584746134
ACA+ACA	3to4	8	0.03504621719893109
ACA+ACA	4to5	0	0.0
GTT+ACA	1to3	74	0.32417750909011256
ACA+GTT	1to3	30	0.1314233144959916
