barcode	Position	count	ratio
GTT	1	48895	46.011028719840404
ACA	1	23442	22.059321714909473
GTT	2	31689	29.819889336394777
ACA	2	6697	6.3019911920804
GTT	3	11367	10.696540821319681
ACA	3	1674	1.575262543757293
GTT	4	3888	3.6586742951782285
ACA	4	623	0.5862536229156472
GTT	5	98	0.09221967102043889
ACA	5	14	0.013174238717205555
GTT+GTT	1to2	20142	18.95396544585388
GTT+GTT	2to3	8724	8.209432754921519
GTT+GTT	3to4	3074	2.8926864154778484
GTT+GTT	4to5	65	0.061166108329882944
GTT+ACA	1to2	3081	2.899273534836451
GTT+ACA	2to3	1146	1.0784055407083977
GTT+ACA	3to4	440	0.414047502540746
GTT+ACA	4to5	11	0.01035118756351865
ACA+GTT	1to2	11205	10.544096059020589
ACA+GTT	2to3	2374	2.233974479617571
ACA+GTT	3to4	505	0.475213610870629
ACA+GTT	4to5	6	0.00564610230737381
ACA+ACA	1to2	3553	3.3434335830165245
ACA+ACA	2to3	415	0.39052207626002183
ACA+ACA	3to4	73	0.06869424473971468
ACA+ACA	4to5	0	0.0
GTT+ACA	1to3	786	0.739639402265969
ACA+GTT	1to3	4895	4.6062784657658
