barcode	Position	count	ratio
GTT	1	1620	1.9335664752992852
ACA	1	1269	1.5146270723177733
GTT	2	79	0.09429120465965649
ACA	2	63	0.07519425181719441
GTT	3	7	0.008354916868577159
ACA	3	1	0.0011935595526538798
GTT	4	5	0.005967797763269398
ACA	4	0	0.0
GTT	5	0	0.0
ACA	5	0	0.0
GTT+GTT	1to2	53	0.06325865629065562
GTT+GTT	2to3	5	0.005967797763269398
GTT+GTT	3to4	3	0.003580678657961639
GTT+GTT	4to5	0	0.0
GTT+ACA	1to2	40	0.04774238210615518
GTT+ACA	2to3	0	0.0
GTT+ACA	3to4	0	0.0
GTT+ACA	4to5	0	0.0
ACA+GTT	1to2	26	0.031032548369000868
ACA+GTT	2to3	2	0.0023871191053077595
ACA+GTT	3to4	0	0.0
ACA+GTT	4to5	0	0.0
ACA+ACA	1to2	23	0.02745186971103923
ACA+ACA	2to3	1	0.0011935595526538798
ACA+ACA	3to4	0	0.0
ACA+ACA	4to5	0	0.0
GTT+ACA	1to3	1	0.0011935595526538798
ACA+GTT	1to3	4	0.004774238210615519
