barcode	Position	count	ratio
GTT	1	65520	45.73534647037882
ACA	1	31389	21.910665298515276
GTT	2	42699	29.805457248759243
ACA	2	9346	6.523848414410264
GTT	3	15634	10.913101445633433
ACA	3	2373	1.6564404330617972
GTT	4	5403	3.771490796389756
ACA	4	829	0.5786721951151411
GTT	5	155	0.10819564564878996
ACA	5	35	0.024431274823920313
GTT+GTT	1to2	27182	18.974026064680054
GTT+GTT	2to3	12071	8.425997668558345
GTT+GTT	3to4	4320	3.015517349695307
GTT+GTT	4to5	82	0.057238986730327596
GTT+ACA	1to2	4380	3.057399535107742
GTT+ACA	2to3	1620	1.1308190061357402
GTT+ACA	3to4	576	0.4020689799593743
GTT+ACA	4to5	11	0.007678400658946384
ACA+GTT	1to2	15120	10.554310723933574
ACA+GTT	2to3	3225	2.2511674659183716
ACA+GTT	3to4	694	0.48443727793716274
ACA+GTT	4to5	5	0.0034901821177029013
ACA+ACA	1to2	4873	3.401531491913248
ACA+ACA	2to3	627	0.4376688375599439
ACA+ACA	3to4	124	0.08655651651903197
ACA+ACA	4to5	1	0.0006980364235405803
GTT+ACA	1to3	1196	0.8348515625545341
ACA+GTT	1to3	6734	4.700577276122268
