barcode	Position	count	ratio
GTT	1	74464	65.43754503752395
ACA	1	6345	5.575865159850256
GTT	2	42064	36.96504209360775
ACA	2	4407	3.872787668945639
GTT	3	15249	13.400530783696857
ACA	3	1870	1.6433203859605956
GTT	4	5509	4.841204281420813
ACA	4	866	0.7610243070812169
GTT	5	175	0.15378666713534983
ACA	5	9	0.007909028595532278
GTT+GTT	1to2	38832	34.1248220468566
GTT+GTT	2to3	13710	12.048086893860836
GTT+GTT	3to4	4613	4.0538165456878215
GTT+GTT	4to5	112	0.0984234669666239
GTT+ACA	1to2	4003	3.517760163101745
GTT+ACA	2to3	1580	1.3884739089934444
GTT+ACA	3to4	659	0.5791166493839746
GTT+ACA	4to5	9	0.007909028595532278
ACA+GTT	1to2	2882	2.5326467124804473
ACA+GTT	2to3	1243	1.0923247271385135
ACA+GTT	3to4	551	0.48420830623758726
ACA+GTT	4to5	8	0.007030247640473135
ACA+ACA	1to2	365	0.3207550485965868
ACA+ACA	2to3	166	0.14587763853981756
ACA+ACA	3to4	74	0.0650297906743765
ACA+ACA	4to5	0	0.0
GTT+ACA	1to3	1654	1.4535036996678208
ACA+GTT	1to3	1013	0.8902051074749108
