barcode	Position	count	ratio
GTT	1	26420	17.990657387609463
ACA	1	16715	11.382052923311587
GTT	2	7937	5.404687648957468
ACA	2	1918	1.3060590790853501
GTT	3	1044	0.71091015566481
ACA	3	187	0.1273373554686968
GTT	4	240	0.16342762199191033
ACA	4	39	0.02655698857368543
GTT	5	14	0.009533277949528103
ACA	5	3	0.002042845274898879
GTT+GTT	1to2	3650	2.4854617511269694
GTT+GTT	2to3	657	0.4473831152028545
GTT+GTT	3to4	146	0.09941847004507878
GTT+GTT	4to5	6	0.004085690549797758
GTT+ACA	1to2	681	0.4637258774020455
GTT+ACA	2to3	72	0.0490282865975731
GTT+ACA	3to4	16	0.01089517479946069
GTT+ACA	4to5	0	0.0
ACA+GTT	1to2	4177	2.844321571084206
ACA+GTT	2to3	337	0.22947961921364074
ACA+GTT	3to4	40	0.02723793699865172
ACA+GTT	4to5	4	0.0027237936998651723
ACA+ACA	1to2	1211	0.8246285426341808
ACA+ACA	2to3	100	0.06809484249662931
ACA+ACA	3to4	7	0.004766638974764052
ACA+ACA	4to5	0	0.0
GTT+ACA	1to3	74	0.05039018344750568
ACA+GTT	1to3	610	0.41537853922943874
