barcode	Position	count	ratio
GTT	1	57947	52.25299151464873
ACA	1	18843	16.991442509716222
GTT	2	36686	33.081147370983885
ACA	2	5808	5.237292262189238
GTT	3	13069	11.784809327574235
ACA	3	1789	1.6132086530744743
GTT	4	4588	4.137172331081995
ACA	4	625	0.5635860302803503
GTT	5	107	0.09648592838399596
ACA	5	30	0.027052129453456808
GTT+GTT	1to2	26312	23.726521005978523
GTT+GTT	2to3	10914	9.841564695167587
GTT+GTT	3to4	3797	3.4238978511591833
GTT+GTT	4to5	73	0.0658268483367449
GTT+ACA	1to2	3622	3.266093762680686
GTT+ACA	2to3	1356	1.222756251296248
GTT+ACA	3to4	448	0.40397846650495506
GTT+ACA	4to5	4	0.0036069505937942415
ACA+GTT	1to2	10025	9.039919925696818
ACA+GTT	2to3	1883	1.6979719920286394
ACA+GTT	3to4	494	0.4454583983335888
ACA+GTT	4to5	2	0.0018034752968971207
ACA+ACA	1to2	2140	1.9297185676799191
ACA+ACA	2to3	306	0.2759317204252595
ACA+ACA	3to4	67	0.060416422446053546
ACA+ACA	4to5	5	0.004508688242242802
GTT+ACA	1to3	1122	1.0117496415592846
ACA+GTT	1to3	4165	3.7557373057882537
