barcode	Position	count	ratio
GTT	1	60931	47.720900361836435
ACA	1	11883	9.306715120377188
GTT	2	23556	18.448959132845662
ACA	2	11415	8.940179508466347
GTT	3	4653	3.6442098338058617
ACA	3	4748	3.7186134302407545
GTT	4	1067	0.8356698673266396
ACA	4	1919	1.5029526479848372
GTT	5	58	0.045425353612882004
ACA	5	31	0.024279068310333485
GTT+GTT	1to2	21999	17.229523347065363
GTT+GTT	2to3	4379	3.429614197772591
GTT+GTT	3to4	875	0.6852962829529612
GTT+GTT	4to5	37	0.028978242822010933
GTT+ACA	1to2	9807	7.6808007393367905
GTT+ACA	2to3	3337	2.6135242242446077
GTT+ACA	3to4	918	0.7189737002866496
GTT+ACA	4to5	22	0.017230306542817313
ACA+GTT	1to2	1317	1.0314688053132
ACA+GTT	2to3	142	0.11121379677636628
ACA+GTT	3to4	44	0.034460613085634625
ACA+GTT	4to5	0	0.0
ACA+ACA	1to2	1537	1.2037718707413732
ACA+ACA	2to3	1153	0.9030247019940164
ACA+ACA	3to4	807	0.6320389718206169
ACA+ACA	4to5	3	0.002349587255838724
GTT+ACA	1to3	4241	3.32153318400401
ACA+GTT	1to3	327	0.25610501088642096
