barcode	Position	count	ratio
GTT	1	40198	32.461722333484076
ACA	1	36255	29.27756961043995
GTT	2	26579	21.463757348665936
ACA	2	10390	8.39039989663415
GTT	3	8988	7.258220815298146
ACA	3	1974	1.5940952257897798
GTT	4	2969	2.3976032043413658
ACA	4	507	0.40942567349311965
GTT	5	86	0.0694489308094838
ACA	5	11	0.008883002777957233
GTT+GTT	1to2	12113	9.781801149945087
GTT+GTT	2to3	5607	4.5279087796369275
GTT+GTT	3to4	2126	1.716842173267007
GTT+GTT	4to5	37	0.029879191162219782
GTT+ACA	1to2	2449	1.9776794366561146
GTT+ACA	2to3	814	0.6573422055688352
GTT+ACA	3to4	272	0.21965243232766976
GTT+ACA	4to5	7	0.005652819949609148
ACA+GTT	1to2	14173	11.44534530654435
ACA+GTT	2to3	3195	2.5801085341430325
ACA+GTT	3to4	621	0.5014858841010401
ACA+GTT	4to5	17	0.01372827702047936
ACA+ACA	1to2	7844	6.334388526390594
ACA+ACA	2to3	1070	0.8640739065831127
ACA+ACA	3to4	142	0.11467149040635699
ACA+ACA	4to5	0	0.0
GTT+ACA	1to3	466	0.37631629950255185
ACA+GTT	1to3	5924	4.783900768783513
