barcode	Position	count	ratio
GTT	1	66922	66.07557192365793
ACA	1	4355	4.299918049782289
GTT	2	37739	37.261677906023834
ACA	2	2922	2.8850426042396897
GTT	3	13126	12.959982622604437
ACA	3	1353	1.3358872838933267
GTT	4	4593	4.5349078306888755
ACA	4	589	0.5815503401427711
GTT	5	95	0.09379844195851147
ACA	5	10	0.009873520206159102
GTT+GTT	1to2	35609	35.158618102111944
GTT+GTT	2to3	12218	12.06346698788519
GTT+GTT	3to4	4046	3.994826275411972
GTT+GTT	4to5	54	0.05331700911325915
GTT+ACA	1to2	2665	2.6312931349414006
GTT+ACA	2to3	1184	1.1690247924092376
GTT+ACA	3to4	454	0.4482578173596232
GTT+ACA	4to5	5	0.004936760103079551
ACA+GTT	1to2	1819	1.7959933255003404
ACA+GTT	2to3	679	0.670412021998203
ACA+GTT	3to4	314	0.3100285344733958
ACA+GTT	4to5	4	0.003949408082463641
ACA+ACA	1to2	235	0.23202772484473888
ACA+ACA	2to3	80	0.07898816164927282
ACA+ACA	3to4	49	0.0483802490101796
ACA+ACA	4to5	0	0.0
GTT+ACA	1to3	1200	1.1848224247390924
ACA+GTT	1to3	663	0.6546143896683484
