barcode	Position	count	ratio
GTT	1	34366	28.6681960375391
ACA	1	5384	4.491345151199166
GTT	2	7404	6.176433785192909
ACA	2	2443	2.037956204379562
GTT	3	936	0.7808133472367049
ACA	3	436	0.3637122002085506
GTT	4	191	0.15933263816475496
ACA	4	69	0.0575599582898853
GTT	5	13	0.010844629822732012
ACA	5	2	0.0016684045881126173
GTT+GTT	1to2	6511	5.431491136600625
GTT+GTT	2to3	821	0.6848800834202294
GTT+GTT	3to4	107	0.08925964546402503
GTT+GTT	4to5	7	0.005839416058394161
GTT+ACA	1to2	2209	1.842752867570386
GTT+ACA	2to3	321	0.26777893639207506
GTT+ACA	3to4	41	0.03420229405630865
GTT+ACA	4to5	2	0.0016684045881126173
ACA+GTT	1to2	776	0.6473409801876955
ACA+GTT	2to3	67	0.055891553701772685
ACA+GTT	3to4	28	0.023357664233576644
ACA+GTT	4to5	0	0.0
ACA+ACA	1to2	206	0.17184567257559957
ACA+ACA	2to3	72	0.06006256517205422
ACA+ACA	3to4	13	0.010844629822732012
ACA+ACA	4to5	0	0.0
GTT+ACA	1to3	364	0.3036496350364964
ACA+GTT	1to3	133	0.11094890510948904
