barcode	Position	count	ratio
GTT	1	44517	29.545047287207566
ACA	1	25587	16.98158287705326
GTT	2	20579	13.657872905259666
ACA	2	4358	2.8923179027708645
GTT	3	4589	3.0456280073004813
ACA	3	377	0.250207400033184
GTT	4	1129	0.7492948398871744
ACA	4	75	0.049776007964161276
GTT	5	46	0.03052928488468558
ACA	5	9	0.005973120955699353
GTT+GTT	1to2	11117	7.378131740501079
GTT+GTT	2to3	3229	2.14302306288369
GTT+GTT	3to4	890	0.5906752945080471
GTT+GTT	4to5	24	0.015928322548531607
GTT+ACA	1to2	1044	0.6928820308611249
GTT+ACA	2to3	105	0.06968641114982578
GTT+ACA	3to4	34	0.022565123610419777
GTT+ACA	4to5	2	0.001327360212377634
ACA+GTT	1to2	9251	6.139704662352746
ACA+GTT	2to3	1196	0.7937614070018251
ACA+GTT	3to4	119	0.07897793263646923
ACA+GTT	4to5	4	0.002654720424755268
ACA+ACA	1to2	3274	2.172888667662187
ACA+ACA	2to3	252	0.1672473867595819
ACA+ACA	3to4	17	0.011282561805209888
ACA+ACA	4to5	2	0.001327360212377634
GTT+ACA	1to3	123	0.0816326530612245
ACA+GTT	1to3	2729	1.8111830097892814
