barcode	Position	count	ratio
GTT	1	80657	54.057115282795046
ACA	1	26197	17.55748724925774
GTT	2	52349	35.08481505559391
ACA	2	8477	5.681368836582735
GTT	3	19863	13.312378105584857
ACA	3	2825	1.8933428056324437
GTT	4	7291	4.886499963138459
ACA	4	1190	0.7975497128150825
GTT	5	183	0.12264840121442025
ACA	5	29	0.019436085438350747
GTT+GTT	1to2	37584	25.18916672810257
GTT+GTT	2to3	16471	11.039026319140524
GTT+GTT	3to4	6058	4.060131227087202
GTT+GTT	4to5	111	0.07439329253989424
GTT+ACA	1to2	5510	3.692856233286642
GTT+ACA	2to3	2132	1.4288873846401309
GTT+ACA	3to4	872	0.5844229828359259
GTT+ACA	4to5	9	0.0060318885843157494
ACA+GTT	1to2	14250	9.550490258499936
ACA+GTT	2to3	3010	2.0173316265322674
ACA+GTT	3to4	789	0.5287955658916808
ACA+GTT	4to5	16	0.010723357483227999
ACA+ACA	1to2	2900	1.9436085438350748
ACA+ACA	2to3	474	0.31767946544062947
ACA+ACA	3to4	133	0.08913790907933274
ACA+ACA	4to5	1	0.0006702098427017499
GTT+ACA	1to3	1759	1.178899113312378
ACA+GTT	1to3	6152	4.123130952301166
