barcode	Position	count	ratio
GTT	1	102721	65.46741956865344
ACA	1	8454	5.388007953908122
GTT	2	57222	36.46943353897925
ACA	2	5590	3.5626880130525675
GTT	3	20460	13.039820527201346
ACA	3	2505	1.596517615867027
GTT	4	7295	4.649339723652679
ACA	4	1040	0.6628256768469892
GTT	5	188	0.11981848773772498
ACA	5	15	0.009559985723754652
GTT+GTT	1to2	52860	33.6893896905114
GTT+GTT	2to3	18477	11.775990414520981
GTT+GTT	3to4	6161	3.9266048029368275
GTT+GTT	4to5	117	0.07456788864528628
GTT+ACA	1to2	5113	3.2586804670371694
GTT+ACA	2to3	2140	1.363891296588997
GTT+ACA	3to4	776	0.4945699281089073
GTT+ACA	4to5	11	0.007010656197420078
ACA+GTT	1to2	3839	2.4467190128996075
ACA+GTT	2to3	1552	0.9891398562178146
ACA+GTT	3to4	685	0.4365726813847958
ACA+GTT	4to5	17	0.01083465048692194
ACA+ACA	1to2	427	0.2721409269362158
ACA+ACA	2to3	194	0.12364248202722683
ACA+ACA	3to4	122	0.0777545505532045
ACA+ACA	4to5	0	0.0
GTT+ACA	1to3	2217	1.4129658899709376
ACA+GTT	1to3	1200	0.7647988579003723
