barcode	Position	count	ratio
GTT	1	58940	47.13616224948417
ACA	1	11530	9.220901777002927
GTT	2	22211	17.762831688552648
ACA	2	10917	8.730666496057324
GTT	3	4540	3.6307800579005454
ACA	3	4361	3.487628156939268
GTT	4	1002	0.8013307528670367
ACA	4	1736	1.388333519937301
GTT	5	52	0.04158602709489611
ACA	5	22	0.017594088386302203
GTT+GTT	1to2	20701	16.555237440220086
GTT+GTT	2to3	4295	3.4348458917803617
GTT+GTT	3to4	828	0.662177508357192
GTT+GTT	4to5	27	0.02159274483773452
GTT+ACA	1to2	9259	7.4047120167623675
GTT+ACA	2to3	3035	2.4271844660194173
GTT+ACA	3to4	883	0.7061627293229474
GTT+ACA	4to5	12	0.009596775483437566
ACA+GTT	1to2	1299	1.0388509460821165
ACA+GTT	2to3	145	0.11596103709153724
ACA+GTT	3to4	48	0.038387101933750264
ACA+GTT	4to5	0	0.0
ACA+ACA	1to2	1569	1.2547783944594615
ACA+ACA	2to3	1063	0.850114361574511
ACA+ACA	3to4	682	0.5454167399753682
ACA+ACA	4to5	2	0.0015994625805729275
GTT+ACA	1to3	3860	3.08696278050575
ACA+GTT	1to3	343	0.2743078325682571
