barcode	Position	count	ratio
GTT	1	13844	63.53081547427837
ACA	1	1638	7.516864760681015
GTT	2	7868	36.10664953421137
ACA	2	1017	4.667064384378872
GTT	3	2873	13.184342159607176
ACA	3	411	1.886099765958423
GTT	4	965	4.428433757055665
ACA	4	178	0.8168509935294388
GTT	5	25	0.11472626313615714
ACA	5	4	0.01835620210178514
GTT+GTT	1to2	7072	32.453765315956126
GTT+GTT	2to3	2513	11.532283970446516
GTT+GTT	3to4	801	3.6758294708824746
GTT+GTT	4to5	14	0.064246707356248
GTT+ACA	1to2	882	4.047542563443623
GTT+ACA	2to3	336	1.5419209765499517
GTT+ACA	3to4	135	0.6195218209352484
GTT+ACA	4to5	2	0.00917810105089257
ACA+GTT	1to2	733	3.363774035152127
ACA+GTT	2to3	304	1.3950713597356708
ACA+GTT	3to4	105	0.4818503051718599
ACA+GTT	4to5	2	0.00917810105089257
ACA+ACA	1to2	130	0.5965765683080171
ACA+ACA	2to3	51	0.23404157679776053
ACA+ACA	3to4	19	0.08719195998347942
ACA+ACA	4to5	0	0.0
GTT+ACA	1to3	349	1.6015786333807533
ACA+GTT	1to3	253	1.1610297829379101
