barcode	Position	count	ratio
GTT	1	65243	65.14658305707553
ACA	1	6920	6.909773535167951
GTT	2	37469	37.413627830810405
ACA	2	4562	4.555258217837601
GTT	3	13681	13.660782042576985
ACA	3	1912	1.9091744218556534
GTT	4	5087	5.0794823660981745
ACA	4	684	0.6829891760194912
GTT	5	128	0.12781083995686385
ACA	5	15	0.01497783280744498
GTT+GTT	1to2	33833	33.783001158285735
GTT+GTT	2to3	12030	12.012221911570876
GTT+GTT	3to4	4264	4.257698606063027
GTT+GTT	4to5	62	0.06190837560410593
GTT+ACA	1to2	4058	4.052003035507449
GTT+ACA	2to3	1602	1.599632543835124
GTT+ACA	3to4	523	0.5222271038862483
GTT+ACA	4to5	6	0.005991133122977992
ACA+GTT	1to2	3311	3.3061069616966887
ACA+GTT	2to3	1389	1.3869473179694054
ACA+GTT	3to4	540	0.5392019810680193
ACA+GTT	4to5	4	0.003994088748651995
ACA+ACA	1to2	457	0.45632463953349045
ACA+ACA	2to3	176	0.17573990494068778
ACA+ACA	3to4	77	0.0768862084115509
ACA+ACA	4to5	0	0.0
GTT+ACA	1to3	1610	1.607620721332428
ACA+GTT	1to3	1143	1.1413108599273076
