barcode	Position	count	ratio
GTT	1	30143	30.441324984851548
ACA	1	22508	22.730761462330843
GTT	2	17481	17.654009291052315
ACA	2	4677	4.723288224601091
GTT	3	4909	4.957584326398708
ACA	3	438	0.4423348818420521
GTT	4	1394	1.4077964047667137
ACA	4	62	0.06261361341143204
GTT	5	38	0.0383760856392648
ACA	5	9	0.009089072914562714
GTT+GTT	1to2	8390	8.473035750353464
GTT+GTT	2to3	3324	3.356897596445162
GTT+GTT	3to4	1122	1.1331044233488183
GTT+GTT	4to5	24	0.024237527772167238
GTT+ACA	1to2	846	0.8543728539688952
GTT+ACA	2to3	81	0.08180165623106443
GTT+ACA	3to4	13	0.013128660876590587
GTT+ACA	4to5	0	0.0
ACA+GTT	1to2	8915	9.003231670369622
ACA+GTT	2to3	1461	1.4754595031306807
ACA+GTT	3to4	159	0.16057362149060797
ACA+GTT	4to5	2	0.0020197939810139365
ACA+ACA	1to2	3775	3.812361139163805
ACA+ACA	2to3	338	0.3413451827913553
ACA+ACA	3to4	29	0.029287012724702077
ACA+ACA	4to5	0	0.0
GTT+ACA	1to3	110	0.11108866895576651
ACA+GTT	1to3	3235	3.2670167642900427
