barcode	Position	count	ratio
GTT	1	35355	36.359616195481145
ACA	1	8610	8.854654092577928
GTT	2	10343	10.636897477297737
ACA	2	5891	6.058393409915978
GTT	3	1541	1.584787683700649
ACA	3	1702	1.7503625163260899
GTT	4	316	0.32497917459403314
ACA	4	451	0.46381521437312956
GTT	5	25	0.02571037773686971
ACA	5	18	0.018511471970546194
GTT+GTT	1to2	9394	9.660931538406162
GTT+GTT	2to3	1394	1.4336106626078549
GTT+GTT	3to4	201	0.20671143700443248
GTT+GTT	4to5	17	0.017483056861071402
GTT+ACA	1to2	5016	5.158530189125539
GTT+ACA	2to3	1158	1.1909046967718049
GTT+ACA	3to4	240	0.2468196262739492
GTT+ACA	4to5	12	0.012340981313697461
ACA+GTT	1to2	832	0.8556413710830238
ACA+GTT	2to3	99	0.10181309583800406
ACA+GTT	3to4	28	0.02879562306529408
ACA+GTT	4to5	1	0.0010284151094747884
ACA+ACA	1to2	834	0.8576982013019735
ACA+ACA	2to3	427	0.43913325174573464
ACA+ACA	3to4	162	0.16660324773491572
ACA+ACA	4to5	2	0.0020568302189495767
GTT+ACA	1to3	1499	1.541594249102708
ACA+GTT	1to3	134	0.13780762466962165
