barcode	Position	count	ratio
GTT	1	93236	65.87999208614794
ACA	1	7926	5.6004635256210955
GTT	2	52822	37.32370481331788
ACA	2	5465	3.8615358525762415
GTT	3	19212	13.57508267149035
ACA	3	2537	1.7926288120742773
GTT	4	7103	5.018936717447217
ACA	4	966	0.6825697408213448
GTT	5	152	0.10740227805884515
ACA	5	11	0.007772533280574321
GTT+GTT	1to2	48745	34.4429213419632
GTT+GTT	2to3	17278	12.208530001978463
GTT+GTT	3to4	6016	4.250869110539555
GTT+GTT	4to5	83	0.058647296571606236
GTT+ACA	1to2	5005	3.5365026426613158
GTT+ACA	2to3	2150	1.5191769593849807
GTT+ACA	3to4	750	0.5299454509482491
GTT+ACA	4to5	4	0.0028263757383906614
ACA+GTT	1to2	3624	2.5606964189819394
ACA+GTT	2to3	1579	1.1157118227297136
ACA+GTT	3to4	712	0.5030948814335379
ACA+GTT	4to5	3	0.0021197818037929964
ACA+ACA	1to2	412	0.29111670105423815
ACA+ACA	2to3	201	0.14202538085413074
ACA+ACA	3to4	92	0.06500664198298522
ACA+ACA	4to5	0	0.0
GTT+ACA	1to3	2211	1.5622791893954382
ACA+GTT	1to3	1185	0.8373138124982336
