barcode	Position	count	ratio
GTT	1	24651	31.01886222647255
ACA	1	18139	22.824678184494974
GTT	2	14260	17.94365240150495
ACA	2	4003	5.037057543003108
GTT	3	4123	5.188056020435127
ACA	3	415	0.5222030677857332
GTT	4	1190	1.4974015678675239
ACA	4	73	0.09185740710447837
GTT	5	31	0.03900794000327164
ACA	5	11	0.013841527097935097
GTT+GTT	1to2	7005	8.814536120094123
GTT+GTT	2to3	2760	3.4729649809364425
GTT+GTT	3to4	918	1.1551383523549472
GTT+GTT	4to5	19	0.02390809226006971
GTT+ACA	1to2	670	0.843074832328774
GTT+ACA	2to3	71	0.0893407658139447
GTT+ACA	3to4	23	0.028941374841137017
GTT+ACA	4to5	1	0.001258320645266827
ACA+GTT	1to2	7109	8.945401467201872
ACA+GTT	2to3	1283	1.614425387877339
ACA+GTT	3to4	169	0.21265618905009376
ACA+GTT	4to5	2	0.002516641290533654
ACA+ACA	1to2	3306	4.160008053252129
ACA+ACA	2to3	326	0.41021253035698557
ACA+ACA	3to4	34	0.04278290193907212
ACA+ACA	4to5	3	0.0037749619358004804
GTT+ACA	1to3	103	0.12960702646248318
ACA+GTT	1to3	2668	3.3571994815718944
