barcode	Position	count	ratio
GTT	1	14114	18.29446914412371
ACA	1	8562	11.098005158848462
GTT	2	3924	5.086261649535315
ACA	2	1033	1.3389674525917379
GTT	3	547	0.7090176152639697
ACA	3	88	0.1140649911210774
GTT	4	98	0.12702692193029072
ACA	4	9	0.011665737728292007
GTT	5	7	0.009073351566449337
ACA	5	1	0.001296193080921334
GTT+GTT	1to2	1893	2.4536935021840853
GTT+GTT	2to3	352	0.4562599644843096
GTT+GTT	3to4	55	0.07129061945067337
GTT+GTT	4to5	3	0.0038885792427640026
GTT+ACA	1to2	367	0.4757028606981296
GTT+ACA	2to3	42	0.05444010939869603
GTT+ACA	3to4	0	0.0
GTT+ACA	4to5	0	0.0
ACA+GTT	1to2	1976	2.5612775279005557
ACA+GTT	2to3	182	0.23590714072768282
ACA+GTT	3to4	21	0.027220054699348014
ACA+GTT	4to5	1	0.001296193080921334
ACA+ACA	1to2	653	0.846414081841631
ACA+ACA	2to3	42	0.05444010939869603
ACA+ACA	3to4	1	0.001296193080921334
ACA+ACA	4to5	0	0.0
GTT+ACA	1to3	30	0.03888579242764002
ACA+GTT	1to3	305	0.39533888968100683
