barcode	Position	count	ratio
GTT	1	99982	66.41160020989844
ACA	1	10812	7.181714923380428
GTT	2	58422	38.80597014925373
ACA	2	7451	4.949219191093929
GTT	3	22690	15.071504958518489
ACA	3	3157	2.096991677128377
GTT	4	8704	5.7815063534131745
ACA	4	1365	0.9066815455433116
GTT	5	198	0.13151864177111772
ACA	5	25	0.01660588911251486
GTT+GTT	1to2	52558	34.91089279902225
GTT+GTT	2to3	19837	13.176440892998292
GTT+GTT	3to4	7286	4.8396203229513315
GTT+GTT	4to5	108	0.0717374409660642
GTT+ACA	1to2	6699	4.449714046589483
GTT+ACA	2to3	2571	1.7077496363310285
GTT+ACA	3to4	963	0.6396588486140725
GTT+ACA	4to5	15	0.009963533467508917
ACA+GTT	1to2	5268	3.499192953789132
ACA+GTT	2to3	2445	1.6240559552039533
ACA+GTT	3to4	957	0.635673435227069
ACA+GTT	4to5	9	0.005978120080505351
ACA+ACA	1to2	695	0.46164371732791315
ACA+ACA	2to3	350	0.23248244757520806
ACA+ACA	3to4	152	0.10096380580409037
ACA+ACA	4to5	1	0.0006642355645005945
GTT+ACA	1to3	2646	1.757567303668573
ACA+GTT	1to3	1951	1.29592358634066
